,AgentStats.Q0_025,AgentStats.Q0_500,AgentStats.Q0_975,Alg,Samples
0,0.005420876464922599,0.009269132403999954,0.01459699037815657,Logging,10
1,0.009009587667408902,0.01397217962166439,0.02046365786818623,Logging,20
2,0.005638104363509263,0.009639821506363,0.0151791145076083,Logging,40
0,0.01518836181634349,0.021417462665151175,0.02911480558010541,Skyline,10
1,0.015206083881106221,0.02192519055660584,0.030334836635175957,Skyline,20
2,0.015111597068767142,0.021789415328332364,0.030147788290908396,Skyline,40
0,0.0073700051644880644,0.011838482857079483,0.017805835857028236,Likelihood,10
1,0.008691016193411026,0.01362454805935455,0.02011860719703065,Likelihood,20
2,0.00763781544427528,0.012434093770106824,0.01888654595822694,Likelihood,40
0,0.009363943581374786,0.014375883329340774,0.020893376853434422,IPS Likelihood,10
1,0.006577731072786759,0.010870250245629823,0.0166972526796814,IPS Likelihood,20
2,0.006678015545846042,0.011214070460679872,0.017426444084931922,IPS Likelihood,40
0,0.004073037346267644,0.007441681851439716,0.01228343533280033,Contextual Bandit - no log,10
1,0.007353011891859156,0.012148369894948765,0.01865403238670891,Contextual Bandit - no log,20
2,0.005223634529902652,0.009108678983263634,0.014546826687940266,Contextual Bandit - no log,40
0,0.006335532179804817,0.0104708298945603,0.01608546713066784,Contextual Bandit - with log,10
1,0.0075382710309418064,0.012108146544953886,0.018210172111806394,Contextual Bandit - with log,20
2,0.005722778543473263,0.009784298370094691,0.01540596453521204,Contextual Bandit - with log,40
0,0.006335532179804817,0.0104708298945603,0.01608546713066784,POEM (lambda = 0.05 - with log),10
1,0.0075382710309418064,0.012108146544953886,0.018210172111806394,POEM (lambda = 0.05 - with log),20
2,0.005722778543473263,0.009784298370094691,0.01540596453521204,POEM (lambda = 0.05 - with log),40
0,0.005930210093642564,0.00996086506094146,0.015484433082851683,Dual Bandit (alpha = 0.8 - no log),10
1,0.006404032979878426,0.010946382623364394,0.01722991313123506,Dual Bandit (alpha = 0.8 - no log),20
2,0.0076372361395936565,0.012266735519912282,0.018447935767691482,Dual Bandit (alpha = 0.8 - no log),40
0,0.006431014688163015,0.010628301712308724,0.01632668001345313,Dual Bandit (alpha = 0.85 - with log),10
1,0.007194330006969698,0.011886821783708994,0.01825371762493167,Dual Bandit (alpha = 0.85 - with log),20
2,0.006761161541807217,0.011172710717649916,0.017160437772481094,Dual Bandit (alpha = 0.85 - with log),40
