,AgentStats.Q0_025,AgentStats.Q0_500,AgentStats.Q0_975,Alg,Samples
0,0.006875734099354036,0.011196153637720327,0.017011741947971882,Logging,10
1,0.008051773990099908,0.013106285317559044,0.01990403542697814,Logging,20
2,0.008921595964050214,0.013985094286240113,0.02064920250135121,Logging,40
0,0.010722409644535177,0.016159977212395406,0.02315266158653592,Skyline,10
1,0.012607380768103022,0.018689962290508455,0.026432638757337618,Skyline,20
2,0.012340254032266833,0.018437935589401433,0.026235441570437844,Skyline,40
0,0.004070642080697554,0.007437312960108386,0.01227624153442495,Likelihood,10
1,0.006778578615897393,0.0113825494780017,0.017687420504887717,Likelihood,20
2,0.00986284507634334,0.015291791384587888,0.022389382076471023,Likelihood,40
0,0.005433759835827142,0.009291118872489179,0.014631521081216545,IPS Likelihood,10
1,0.007842020776861702,0.012765707262328828,0.01938855113116146,IPS Likelihood,20
2,0.009363927514457226,0.014676612595600087,0.021666610006192733,IPS Likelihood,40
0,0.009621747697009417,0.014770644312568585,0.021465154333617502,Contextual Bandit - no log,10
1,0.012047804112883208,0.018002295922265606,0.025617977872396176,Contextual Bandit - no log,20
2,0.009603000140371735,0.014889992747384841,0.021803160568500773,Contextual Bandit - no log,40
0,0.008031763255128131,0.01273943946852766,0.018979428550604305,Contextual Bandit - with log,10
1,0.009112815167394896,0.014449510409884275,0.02151796718012803,Contextual Bandit - with log,20
2,0.011203490176652167,0.01703161869111687,0.024561826492639213,Contextual Bandit - with log,40
0,0.00901515853594724,0.0139807973285543,0.020476237697272692,POEM (lambda = 0.1 - no log),10
1,0.012047804112883208,0.018002295922265606,0.025617977872396176,POEM (lambda = 0.1 - no log),20
2,0.01096060615247221,0.016663450510258103,0.02403287464155329,POEM (lambda = 0.1 - no log),40
0,0.008031763255128131,0.01273943946852766,0.018979428550604305,POEM (lambda = 0.1 - with log),10
1,0.012047804112883208,0.018002295922265606,0.025617977872396176,POEM (lambda = 0.1 - with log),20
2,0.010581827846227833,0.016240275648988042,0.023592869975841993,POEM (lambda = 0.1 - with log),40
0,0.009110928558690798,0.014128942029956118,0.020692486142325064,Dual Bandit (alpha = 0.85 - no log),10
1,0.0091769445845234,0.014384314590208239,0.02123660362475759,Dual Bandit (alpha = 0.85 - no log),20
2,0.010339902618679842,0.015870023616844496,0.023056959888941832,Dual Bandit (alpha = 0.85 - no log),40
