,AgentStats.Q0_025,AgentStats.Q0_500,AgentStats.Q0_975,Alg,Samples
0,0.006900620567446623,0.011236589170503606,0.017072999105806515,Logging,10
1,0.005317733797785762,0.009476386048759283,0.015367024327756038,Logging,20
2,0.005737720226203134,0.010003188501636283,0.01597107111095526,Logging,40
0,0.01725888497769543,0.023876700533503985,0.03195901314655135,Skyline,10
1,0.016684509239435694,0.023770708102782836,0.03257441084733301,Skyline,20
2,0.016196747868294017,0.022953363356380853,0.03132351803395962,Skyline,40
0,0.007938569196818547,0.012591968344165948,0.018760411394446244,Likelihood,10
1,0.008114602544714637,0.0132082917411694,0.020058409884211682,Likelihood,20
2,0.00414311736081782,0.00778236305840804,0.013092097258730504,Likelihood,40
0,0.006904785837494385,0.011243356838798922,0.017083251547808105,IPS Likelihood,10
1,0.009803370112543215,0.015363440352457685,0.02267677739796591,IPS Likelihood,20
2,0.003620364455225582,0.007021840086659186,0.01207345751432835,IPS Likelihood,40
0,0.004955390195491514,0.008641796775418714,0.013803146966821412,Contextual Bandit - no log,10
1,0.009525667783106088,0.014929425079999753,0.022038478963405276,Contextual Bandit - no log,20
2,0.006183213174657914,0.010569770128178405,0.016638936727778907,Contextual Bandit - no log,40
0,0.005887900284240075,0.009889941206942988,0.015374485998278814,Contextual Bandit - with log,10
1,0.006221068038775836,0.010634336567251114,0.01674026294023365,Contextual Bandit - with log,20
2,0.0052556583759343625,0.009365994219033207,0.015188538754313786,Contextual Bandit - with log,40
