,AgentStats.Q0_025,AgentStats.Q0_500,AgentStats.Q0_975,Alg,Samples
0,0.007001994427013762,0.011401294816792832,0.01732250374255219,Logging,10
1,0.0076327191593767,0.01242581725206054,0.018874015622531017,Logging,20
2,0.006687034178867764,0.011229180362639512,0.017449850552087833,Logging,40
0,0.010722409644535177,0.016159977212395406,0.02315266158653592,Skyline,10
1,0.01292261592933069,0.01915580935981429,0.02708880063025157,Skyline,20
2,0.009679483330158176,0.015169828804920711,0.022392053059078692,Skyline,40
0,0.005877416996940832,0.00987236777415281,0.015347242754476914,Likelihood,10
1,0.007858182093096707,0.01279195014020532,0.019428274525472137,Likelihood,20
2,0.007208914898756507,0.011910862536922005,0.01829051579514607,Likelihood,40
0,0.006419405101135733,0.010609155459206217,0.016297353185954006,IPS Likelihood,10
1,0.010835808692654358,0.016474261792985098,0.0237610304864667,IPS Likelihood,20
2,0.007208914898756507,0.011910862536922005,0.01829051579514607,IPS Likelihood,40
0,0.00692149732343216,0.011270509230625846,0.017124384743969805,Contextual Bandit - no log,10
1,0.010692196081458825,0.016409171457753967,0.023837302528928288,Contextual Bandit - no log,20
2,0.00613756713049564,0.010491912482145618,0.01651674711276255,Contextual Bandit - no log,40
0,0.007904777393450725,0.012538493874868533,0.01868098965121154,Contextual Bandit - with log,10
1,0.008256216685831047,0.013094583174302532,0.019506805035880183,Contextual Bandit - with log,20
2,0.007208914898756507,0.011910862536922005,0.01829051579514607,Contextual Bandit - with log,40
0,0.008472054941623034,0.0132821249102961,0.019614596404861073,POEM (lambda = 0.1 - no log),10
1,0.010130100092116819,0.015704987454659907,0.022992115696338723,POEM (lambda = 0.1 - no log),20
2,0.00773595451867798,0.012593469319010344,0.019127823821204402,POEM (lambda = 0.1 - no log),40
0,0.007460015473886957,0.011982737270744292,0.018022139235209757,Dual Bandit (alpha = 0.8 - with log),10
1,0.00926728788968296,0.014370794090700361,0.02104548758125077,Dual Bandit (alpha = 0.8 - with log),20
2,0.007208914898756507,0.011910862536922005,0.01829051579514607,Dual Bandit (alpha = 0.8 - with log),40
