,AgentStats.Q0_025,AgentStats.Q0_500,AgentStats.Q0_975,Alg,Samples
0,0.00552902778303769,0.009453694699258523,0.014886839732683484,Logging,10
1,0.006606244546437467,0.010917268818080812,0.016769261488218164,Logging,20
2,0.008204109910362236,0.013012140915246174,0.0193843893847876,Logging,40
0,0.01725888497769543,0.023876700533503985,0.03195901314655135,Skyline,10
1,0.01612946479903141,0.023113630355517726,0.03182120979912998,Skyline,20
2,0.017856924769364964,0.024923147964191688,0.033595439177077344,Skyline,40
0,0.005880907275721803,0.009878218641809114,0.015356313101859457,Likelihood,10
1,0.007799247154006604,0.012696249803126067,0.01928341190446288,Likelihood,20
2,0.009255521902912522,0.014352595538998893,0.021018926823455943,Likelihood,40
0,0.004520066237866944,0.008057442666968442,0.013071877365412958,IPS Likelihood,10
1,0.0076327191593767,0.01242581725206054,0.018874015622531017,IPS Likelihood,20
2,0.007772438838602889,0.012329061949104889,0.018369915215712716,IPS Likelihood,40
0,0.007446374022140321,0.011960875401847166,0.017989359319199046,Contextual Bandit - no log,10
1,0.009571961190988744,0.015001780910975406,0.02214490075265545,Contextual Bandit - no log,20
2,0.008330288132765904,0.013211773096999764,0.01968080761166053,Contextual Bandit - no log,40
0,0.006963632100418757,0.011338967452569865,0.01722808957979487,Contextual Bandit - with log,10
1,0.0076327191593767,0.01242581725206054,0.018874015622531017,Contextual Bandit - with log,20
2,0.008204109910362236,0.013012140915246174,0.0193843893847876,Contextual Bandit - with log,40
0,0.005382590320092872,0.009203792941778125,0.014494369303820842,POEM (lambda = 0.05 - no log),10
1,0.009024247781950915,0.014309450586948484,0.02131013498840679,POEM (lambda = 0.05 - no log),20
2,0.007661183462385424,0.012305109027559248,0.01850546413108906,POEM (lambda = 0.05 - no log),40
0,0.005385760164037702,0.009209202692526173,0.014502865916976984,POEM (lambda = 0.1 - with log),10
1,0.007388661180840695,0.012207125228760314,0.018743953021924293,POEM (lambda = 0.1 - with log),20
2,0.00554080620416114,0.009660598675493463,0.01542568834786464,POEM (lambda = 0.1 - with log),40
0,0.0074147371605107724,0.011910173282432122,0.017913334612640393,Dual Bandit (alpha = 0.8 - no log),10
1,0.008876357656359763,0.014075561808745106,0.020963039292637573,Dual Bandit (alpha = 0.8 - no log),20
2,0.009502855882199332,0.014735123966255889,0.021577178194743946,Dual Bandit (alpha = 0.8 - no log),40
