,AgentStats.Q0_025,AgentStats.Q0_500,AgentStats.Q0_975,Alg,Samples
0,0.006900620567446623,0.011236589170503606,0.017072999105806515,Logging,10
1,0.0071846394882106365,0.011870848457549536,0.018229267659280925,Logging,20
2,0.005603678017616706,0.009769988172333202,0.015599842268247264,Logging,40
0,0.01725888497769543,0.023876700533503985,0.03195901314655135,Skyline,10
1,0.01612946479903141,0.023113630355517726,0.03182120979912998,Skyline,20
2,0.01739080797139224,0.024390597731337997,0.03300672604349299,Skyline,40
0,0.009526374558943606,0.014624611208096671,0.02125365007421588,Likelihood,10
1,0.007181674285767776,0.012057761885935924,0.018733085494155994,Likelihood,20
2,0.005273764893137399,0.009398194502798322,0.015240602642614353,Likelihood,40
0,0.0045067587605592645,0.00803376288929475,0.013033557800812877,IPS Likelihood,10
1,0.005940726771638922,0.01035632512249298,0.01653312524190158,IPS Likelihood,20
2,0.00786358401154255,0.012800721759642425,0.01944155185244628,IPS Likelihood,40
0,0.007339012553525494,0.011788810917435078,0.01773135118246552,Contextual Bandit - no log,10
1,0.006252191036637232,0.010500533718149787,0.016320890646445065,Contextual Bandit - no log,20
2,0.0066825218194901176,0.011221620325294642,0.017438139464236863,Contextual Bandit - no log,40
0,0.00538893374367995,0.009214618806436568,0.01451137249733414,Contextual Bandit - with log,10
1,0.005903132148599696,0.01029093208344513,0.016429054408228866,Contextual Bandit - with log,20
2,0.006238041610424222,0.010663286653290137,0.0167856940115674,Contextual Bandit - with log,40
0,0.00538893374367995,0.009214618806436568,0.01451137249733414,POEM (lambda = 0.1 - with log),10
1,0.008729535985226793,0.013684782884127732,0.020207257827888413,POEM (lambda = 0.1 - with log),20
2,0.005629983075427134,0.009815754322612157,0.01567270099846775,POEM (lambda = 0.1 - with log),40
0,0.007890383097612289,0.012515715027701208,0.018647157240815726,Dual Bandit (alpha = 0.85 - no log),10
1,0.009237928835673134,0.014325383969563557,0.020979211152377133,Dual Bandit (alpha = 0.85 - no log),20
2,0.0066511050177135945,0.011168983755124713,0.017356599925762887,Dual Bandit (alpha = 0.85 - no log),40
0,0.008374283056884691,0.013129210168187262,0.019389494900001497,Dual Bandit (alpha = 0.85 - with log),10
1,0.005541019752749725,0.009873421984945018,0.016008863871967642,Dual Bandit (alpha = 0.85 - with log),20
2,0.007208914898756507,0.011910862536922005,0.01829051579514607,Dual Bandit (alpha = 0.85 - with log),40
